<?xml version="1.0" encoding="UTF-8"?>
<project-private xmlns="http://www.netbeans.org/ns/project-private/1">
    <editor-bookmarks xmlns="http://www.netbeans.org/ns/editor-bookmarks/2" lastBookmarkId="0"/>
    <open-files xmlns="http://www.netbeans.org/ns/projectui-open-files/2">
        <group>
            <file>file:/C:/Users/AIDA%20GOMEZ/Documents/NetBeansProjects/SimuladorEmpresarial/src/data/Renta.java</file>
            <file>file:/C:/Users/AIDA%20GOMEZ/Documents/NetBeansProjects/SimuladorEmpresarial/src/data/Prestamos.java</file>
            <file>file:/C:/Users/AIDA%20GOMEZ/Documents/NetBeansProjects/SimuladorEmpresarial/src/data/Insumos.java</file>
            <file>file:/C:/Users/AIDA%20GOMEZ/Documents/NetBeansProjects/SimuladorEmpresarial/src/data/Compras.java</file>
            <file>file:/C:/Users/AIDA%20GOMEZ/Documents/NetBeansProjects/SimuladorEmpresarial/src/data/Cafeteria.java</file>
            <file>file:/C:/Users/AIDA%20GOMEZ/Documents/NetBeansProjects/SimuladorEmpresarial/src/data/CajaMenor.java</file>
            <file>file:/C:/Users/AIDA%20GOMEZ/Documents/NetBeansProjects/SimuladorEmpresarial/src/data/RetencionFuente.java</file>
            <file>file:/C:/Users/AIDA%20GOMEZ/Documents/NetBeansProjects/SimuladorEmpresarial/src/businessLogic/Test.java</file>
            <file>file:/C:/Users/AIDA%20GOMEZ/Documents/NetBeansProjects/SimuladorEmpresarial/src/data/MateriaPrima.java</file>
            <file>file:/C:/Users/AIDA%20GOMEZ/Documents/NetBeansProjects/SimuladorEmpresarial/src/data/PrestacionServicios.java</file>
            <file>file:/C:/Users/AIDA%20GOMEZ/Documents/NetBeansProjects/SimuladorEmpresarial/src/data/Iva.java</file>
            <file>file:/C:/Users/AIDA%20GOMEZ/Documents/NetBeansProjects/SimuladorEmpresarial/src/data/Papeleria.java</file>
            <file>file:/C:/Users/AIDA%20GOMEZ/Documents/NetBeansProjects/SimuladorEmpresarial/src/data/Maquinaria.java</file>
            <file>file:/C:/Users/AIDA%20GOMEZ/Documents/NetBeansProjects/SimuladorEmpresarial/src/data/Producto.java</file>
            <file>file:/C:/Users/AIDA%20GOMEZ/Documents/NetBeansProjects/SimuladorEmpresarial/src/data/IndustriaComercio.java</file>
            <file>file:/C:/Users/AIDA%20GOMEZ/Documents/NetBeansProjects/SimuladorEmpresarial/src/data/Nomina.java</file>
            <file>file:/C:/Users/AIDA%20GOMEZ/Documents/NetBeansProjects/SimuladorEmpresarial/src/data/Impuesto.java</file>
            <file>file:/C:/Users/AIDA%20GOMEZ/Documents/NetBeansProjects/SimuladorEmpresarial/src/data/CajaMayor.java</file>
            <file>file:/C:/Users/AIDA%20GOMEZ/Documents/NetBeansProjects/SimuladorEmpresarial/src/data/Trabajadores.java</file>
            <file>file:/C:/Users/AIDA%20GOMEZ/Documents/NetBeansProjects/SimuladorEmpresarial/src/data/Empresa.java</file>
            <file>file:/C:/Users/AIDA%20GOMEZ/Documents/NetBeansProjects/SimuladorEmpresarial/src/data/Caja.java</file>
        </group>
    </open-files>
</project-private>
